bridal-room-1.jpg	/manus-storage/bridal-room-1_13ca6d81.jpg
bridal-room-2.jpg	/manus-storage/bridal-room-2_978d9fbd.jpg
bridal-room-3.jpg	/manus-storage/bridal-room-3_30fd04ab.jpg
bridal-room-4.jpg	/manus-storage/bridal-room-4_c8967cc9.jpg
bridal-room-5.jpg	/manus-storage/bridal-room-5_a5d7cc97.jpg
dewenter-room-1.jpg	/manus-storage/dewenter-room-1_7072f519.jpg
dewenter-room-2.jpg	/manus-storage/dewenter-room-2_6d25986a.jpg
dewenter-room-3.jpg	/manus-storage/dewenter-room-3_9ba999d3.jpg
dewenter-room-4.jpg	/manus-storage/dewenter-room-4_831e397a.jpg
hollywood-room-1.jpg	/manus-storage/hollywood-room-1_1cf10f56.jpg
hollywood-room-2.jpg	/manus-storage/hollywood-room-2_9cf7603b.jpg
hollywood-room-3.jpg	/manus-storage/hollywood-room-3_b429278d.jpg
hollywood-room-4.jpg	/manus-storage/hollywood-room-4_17c99292.jpg
hollywood-room-5.jpg	/manus-storage/hollywood-room-5_703ae921.jpg
literary-room-1.jpg	/manus-storage/literary-room-1_187fc98d.jpg
literary-room-2.jpg	/manus-storage/literary-room-2_d971efc1.jpg
literary-room-3.jpg	/manus-storage/literary-room-3_3d49db7e.jpg
literary-room-4.jpg	/manus-storage/literary-room-4_f438f0af.jpg
literary-room-5.jpg	/manus-storage/literary-room-5_65b7a56c.jpg
rose-garden-1.jpg	/manus-storage/rose-garden-1_b8433d99.jpg
rose-garden-2.jpg	/manus-storage/rose-garden-2_3d9dcbaf.jpg
rose-garden-3.jpg	/manus-storage/rose-garden-3_2e325336.jpg
rose-garden-4.jpg	/manus-storage/rose-garden-4_fa14b67f.jpg
rose-garden-5.jpg	/manus-storage/rose-garden-5_70728195.jpg
rose-garden-6.jpg	/manus-storage/rose-garden-6_f2dbb84b.jpg
tiffany-room-1.jpg	/manus-storage/tiffany-room-1_b1f1fa89.jpg
tiffany-room-2.jpg	/manus-storage/tiffany-room-2_0f96cf43.jpg
tiffany-room-3.jpg	/manus-storage/tiffany-room-3_3ac334c3.jpg
tiffany-room-4.jpg	/manus-storage/tiffany-room-4_66df2b2d.jpg
tiffany-room-5.jpg	/manus-storage/tiffany-room-5_56971093.jpg
wedding-suite-1.jpg	/manus-storage/wedding-suite-1_181e4bed.jpg
wedding-suite-2.jpg	/manus-storage/wedding-suite-2_969b8d1c.jpg
wedding-suite-3.jpg	/manus-storage/wedding-suite-3_7c649483.jpg
wedding-suite-4.jpg	/manus-storage/wedding-suite-4_084c9e00.jpg
wedding-suite-5.jpg	/manus-storage/wedding-suite-5_21f50c26.jpg
wedding-suite-6.jpg	/manus-storage/wedding-suite-6_e7dcc656.jpg
